City_ID,City,Country,Lat,Lng,Max Temp,Humidity,Cloudiness,Wind Speed,Current Description
0,Bambous Virieux,MU,-20.3428,57.7575,71.22,68,38,14.14,scattered clouds
1,Padang,ID,-0.9492,100.3543,77.85,86,98,4.25,light rain
2,Butaritari,KI,3.0707,172.7902,82.62,70,92,16.75,overcast clouds
3,Kiunga,PG,-6.1219,141.2906,72.97,99,100,2.8,moderate rain
4,Kearney,US,40.6995,-99.0815,64.49,38,49,13.44,scattered clouds
5,Albany,US,42.6001,-73.9662,72.03,68,100,9.46,overcast clouds
6,San Bartolome De Tirajana,ES,27.9248,-15.5733,68.32,62,6,8.84,clear sky
7,Vallenar,CL,-28.5708,-70.7581,67.69,35,64,6.24,broken clouds
8,Constantine,DZ,36.365,6.6147,84.02,35,47,4.36,scattered clouds
9,Hervey Bay,AU,-25.2986,152.8535,55.04,45,0,17.31,clear sky
10,Hithadhoo,MV,-0.6,73.0833,84.07,74,75,16.55,broken clouds
11,Port Alfred,ZA,-33.5906,26.891,60.22,66,98,7.25,overcast clouds
12,Rio Branco Do Sul,BR,-25.19,-49.3142,77.83,22,5,4.09,clear sky
13,Mataura,NZ,-46.1927,168.8643,45.48,98,35,2.08,scattered clouds
14,Sinnamary,GF,5.3833,-52.95,87.22,61,19,9.08,few clouds
15,Kaitangata,NZ,-46.2817,169.8464,39.34,90,12,7.0,few clouds
16,Narayanganj,BD,23.6233,90.5011,75.9,92,100,2.39,overcast clouds
17,Busselton,AU,-33.65,115.3333,53.1,71,0,4.54,clear sky
18,Dossor,KZ,47.5272,52.9811,65.39,38,88,10.36,overcast clouds
19,Rapid Valley,US,44.0625,-103.1463,60.42,51,10,3.0,clear sky
20,Dikson,RU,73.5069,80.5464,33.76,75,93,3.78,overcast clouds
21,Konstantinovka,RU,49.6167,127.9833,52.02,96,100,6.44,overcast clouds
22,Norman Wells,CA,65.282,-126.8329,42.71,83,100,9.44,overcast clouds
23,Santa Lucia,ES,27.9117,-15.5407,70.77,62,6,8.41,clear sky
24,Esperance,AU,-33.8667,121.9,56.52,41,0,16.31,clear sky
25,Hermanus,ZA,-34.4187,19.2345,61.81,65,48,15.39,scattered clouds
26,Faya,SA,18.3851,42.4509,72.12,43,87,3.6,overcast clouds
27,Lebu,CL,-37.6167,-73.65,56.68,58,0,8.7,clear sky
28,Tiksi,RU,71.6872,128.8694,32.43,72,100,5.39,overcast clouds
29,Yzeure,FR,46.5644,3.355,69.12,69,75,4.03,broken clouds
30,Puerto Ayora,EC,-0.7393,-90.3518,73.54,77,86,8.01,overcast clouds
31,Lavrentiya,RU,65.5833,-171.0,31.17,66,92,6.8,overcast clouds
32,Bluff,NZ,-46.6,168.3333,45.81,76,40,15.79,scattered clouds
33,Mpulungu,ZM,-8.7623,31.1141,82.56,42,45,1.57,scattered clouds
34,Severo-Yeniseyskiy,RU,60.3725,93.0408,31.23,98,100,4.72,light snow
35,Mount Isa,AU,-20.7333,139.5,57.09,18,41,22.7,scattered clouds
36,Hobart,AU,-42.8794,147.3294,53.06,80,98,5.01,overcast clouds
37,Yulara,AU,-25.2406,130.9889,47.84,35,86,11.12,overcast clouds
38,Yar-Sale,RU,66.8333,70.8333,36.52,82,100,11.07,overcast clouds
39,Port-Gentil,GA,-0.7193,8.7815,77.31,83,99,17.92,overcast clouds
40,Fortuna,US,40.5982,-124.1573,67.35,51,0,4.0,clear sky
41,Jamestown,US,42.097,-79.2353,71.29,70,100,11.99,overcast clouds
42,Constitucion,CL,-35.3333,-72.4167,58.89,61,0,9.95,clear sky
43,Bambanglipuro,ID,-7.95,110.2833,75.33,90,100,5.26,overcast clouds
44,New Norfolk,AU,-42.7826,147.0587,52.72,71,100,4.0,overcast clouds
45,Arraial Do Cabo,BR,-22.9661,-42.0278,75.78,74,0,1.86,clear sky
46,Wasilla,US,61.5814,-149.4394,39.13,90,100,5.93,overcast clouds
47,Genhe,CN,50.7833,121.5167,45.77,96,100,3.22,overcast clouds
48,Ushuaia,AR,-54.8,-68.3,47.71,85,100,4.65,overcast clouds
49,Cochrane,CA,51.1834,-114.4687,57.61,43,18,10.27,few clouds
50,Half Moon Bay,US,37.4636,-122.4286,78.96,56,0,3.44,clear sky
51,Bandiagara,ML,14.3501,-3.6104,98.33,26,55,6.26,broken clouds
52,Vao,NC,-22.6667,167.4833,72.03,76,96,16.02,overcast clouds
53,Astana,KZ,51.1801,71.446,40.53,64,95,4.47,overcast clouds
54,Kavieng,PG,-2.5744,150.7967,81.45,76,100,9.55,light rain
55,Kapaa,US,22.0752,-159.319,71.47,98,16,13.38,light rain
56,Alekseyevsk,RU,57.8406,108.3492,39.58,94,100,3.15,overcast clouds
57,Vaini,TO,-21.2,-175.2,72.59,72,56,17.52,broken clouds
58,Saldanha,ZA,-33.0117,17.9442,58.24,70,0,13.71,clear sky
59,Kodiak,US,57.79,-152.4072,40.78,53,0,22.62,clear sky
60,Pevek,RU,69.7008,170.3133,26.2,90,98,5.37,overcast clouds
61,Pokhara,NP,28.2333,83.9833,70.25,93,97,2.68,moderate rain
62,Horsham,GB,51.064,-0.3272,72.32,60,83,4.38,broken clouds
63,Punta Arenas,CL,-53.15,-70.9167,51.3,74,100,17.0,overcast clouds
64,Fukue,JP,32.6881,128.8419,76.23,79,73,11.12,broken clouds
65,Saint-Augustin,CA,51.226,-58.6502,70.38,50,30,16.84,scattered clouds
66,Cape Town,ZA,-33.9258,18.4232,65.1,68,1,4.0,clear sky
67,Cabo San Lucas,MX,22.8909,-109.9124,84.51,82,94,6.22,overcast clouds
68,Panjab,AF,34.388,67.0233,55.63,23,0,5.23,clear sky
69,Rikitea,PF,-23.1203,-134.9692,73.67,71,0,14.76,clear sky
70,Nemuro,JP,43.3236,145.575,60.78,94,46,16.91,scattered clouds
71,Port Lincoln,AU,-34.7333,135.8667,52.52,83,95,7.25,overcast clouds
72,Alofi,NU,-19.0595,-169.9187,75.47,77,19,12.59,light rain
73,Polis,CY,35.0367,32.4264,81.28,72,0,5.37,clear sky
74,Misasi,TZ,-3.0,33.0833,82.72,36,66,2.73,broken clouds
75,Mingguang,CN,32.7802,117.9638,73.4,84,0,7.61,light rain
76,East London,ZA,-33.0153,27.9116,62.31,54,99,10.29,overcast clouds
77,Sambava,MG,-14.2667,50.1667,73.99,71,41,15.21,scattered clouds
78,Torbay,CA,47.6666,-52.7314,61.88,55,75,7.76,broken clouds
79,Saint-Philippe,RE,-21.3585,55.7679,68.22,72,40,10.63,scattered clouds
80,Sola,VU,-13.8833,167.55,78.55,79,63,15.23,broken clouds
81,Geraldton,AU,-28.7667,114.6,66.72,32,0,8.84,clear sky
82,Haines Junction,CA,60.7522,-137.5108,40.32,96,100,3.06,overcast clouds
83,Luanda,AO,-8.8368,13.2343,74.35,83,14,14.16,few clouds
84,Hilo,US,19.7297,-155.09,76.28,84,74,3.4,light rain
85,Huaicheng,CN,23.9051,112.1931,78.69,81,49,1.41,light rain
86,Khatanga,RU,71.9667,102.5,30.79,94,100,9.46,overcast clouds
87,Disna,BY,55.568,28.1971,39.2,98,100,8.72,overcast clouds
88,Barrow,US,71.2906,-156.7887,28.42,92,100,19.82,light snow
89,Lodwar,KE,3.1191,35.5973,92.32,29,3,10.65,clear sky
90,Beloha,MG,-25.1667,45.05,70.09,62,22,8.5,few clouds
91,Poum,NC,-20.2333,164.0167,73.83,70,98,8.48,overcast clouds
92,Fairlie,GB,55.756,-4.8556,66.11,82,100,7.0,overcast clouds
93,Edd,ER,13.9297,41.6925,90.81,64,27,8.97,scattered clouds
94,Mahebourg,MU,-20.4081,57.7,70.25,68,23,14.03,few clouds
95,Tasiilaq,GL,65.6145,-37.6368,30.67,56,100,4.97,overcast clouds
96,Guerrero Negro,MX,27.9769,-114.0611,77.77,53,5,4.61,clear sky
97,Severo-Kurilsk,RU,50.6789,156.125,48.58,86,56,15.14,broken clouds
98,Georgetown,MY,5.4112,100.3354,80.89,84,98,5.64,overcast clouds
99,Riyadh,SA,24.6877,46.7219,91.71,10,0,9.95,clear sky
100,Upernavik,GL,72.7868,-56.1549,23.68,54,13,5.3,few clouds
101,Caborca,MX,30.5838,-111.101,83.91,33,0,2.95,clear sky
102,Altay,CN,47.8667,88.1167,41.11,39,80,4.21,broken clouds
103,Hasaki,JP,35.7333,140.8333,73.44,87,72,2.59,broken clouds
104,Acapulco,MX,16.8634,-99.8901,82.98,74,43,2.91,scattered clouds
105,Atambua,ID,-9.1061,124.8925,72.72,85,98,5.7,overcast clouds
106,Brae,GB,60.3964,-1.353,56.08,86,100,27.94,overcast clouds
107,Ternate,ID,0.8,127.4,79.99,81,100,7.72,overcast clouds
108,Ponta Do Sol,PT,32.6667,-17.1,79.12,48,72,1.52,broken clouds
109,Nenjiang,CN,49.1833,125.2167,53.78,85,100,12.84,light rain
110,Safford,US,32.834,-109.7076,78.93,21,0,1.43,clear sky
111,Avarua,CK,-21.2078,-159.775,75.29,75,100,2.57,light rain
112,Richards Bay,ZA,-28.783,32.0377,64.65,61,96,13.76,overcast clouds
113,Jinchang,CN,38.4953,102.1739,70.99,22,100,5.14,overcast clouds
114,Bubaque,GW,11.2833,-15.8333,81.75,76,36,6.13,scattered clouds
115,Umm Kaddadah,SD,13.6017,26.6876,97.56,15,66,6.22,broken clouds
116,Chuy,UY,-33.6971,-53.4616,58.19,64,2,16.02,clear sky
117,Yellowknife,CA,62.456,-114.3525,43.84,81,100,16.33,overcast clouds
118,Saskylakh,RU,71.9167,114.0833,33.44,92,100,6.08,overcast clouds
119,Atuona,PF,-9.8,-139.0333,77.2,78,18,20.87,light rain
120,San Clemente,US,33.427,-117.612,89.78,83,0,2.91,clear sky
121,Aksu,CN,41.1231,80.2644,75.79,20,0,3.33,clear sky
122,Litovko,RU,49.2361,135.1742,51.06,97,100,6.24,moderate rain
123,Wejherowo,PL,54.6057,18.2356,53.83,81,100,3.0,light rain
124,Avera,US,33.194,-82.5271,79.75,87,98,4.59,overcast clouds
125,Grand Forks,US,47.9417,-97.4337,57.78,39,6,10.96,clear sky
126,Raton,US,36.9034,-104.4391,47.07,64,100,5.08,overcast clouds
127,Mount Gambier,AU,-37.8333,140.7667,50.2,93,96,7.87,overcast clouds
128,Krasnoarmeysk,RU,51.0239,45.6969,59.29,89,100,5.82,overcast clouds
129,Aasiaat,GL,68.7098,-52.8699,27.34,91,79,5.23,broken clouds
130,Almonte,ES,37.2647,-6.5167,90.27,27,0,3.42,clear sky
131,Rafaela,AR,-31.2503,-61.4867,69.06,25,49,5.99,scattered clouds
132,Smithers,CA,54.7804,-127.1743,48.49,96,99,2.17,overcast clouds
133,Carnarvon,AU,-24.8667,113.6333,70.66,58,0,14.03,clear sky
134,Mar Del Plata,AR,-38.0023,-57.5575,55.06,55,0,8.43,clear sky
135,Portland,US,45.5234,-122.6762,65.86,76,0,1.01,clear sky
136,Merauke,ID,-8.4667,140.3333,77.16,86,100,13.8,overcast clouds
137,Magadan,RU,59.5667,150.8,41.47,82,100,10.63,light rain
138,Huarmey,PE,-10.0681,-78.1522,68.65,70,14,11.03,few clouds
139,Holme,DK,56.1138,10.1725,60.64,72,100,15.32,overcast clouds
140,Vila Franca Do Campo,PT,37.7167,-25.4333,73.96,62,26,8.43,scattered clouds
141,Deshnok,IN,27.7986,73.3447,91.06,50,74,8.34,broken clouds
142,Zlobin,HR,45.2924,14.6541,61.38,55,1,10.71,clear sky
143,Cobija,BO,-11.0267,-68.7692,104.25,25,10,1.66,clear sky
144,Te Anau,NZ,-45.4167,167.7167,37.8,94,61,2.48,broken clouds
145,Yerbogachen,RU,61.2767,108.0108,39.27,83,100,5.88,overcast clouds
146,Ancud,CL,-41.8697,-73.8203,54.5,61,0,1.86,clear sky
147,Longyearbyen,SJ,78.2186,15.6401,43.0,95,100,3.49,overcast clouds
148,Cidreira,BR,-30.1811,-50.2056,62.22,74,100,18.9,overcast clouds
149,Sao Filipe,CV,14.8961,-24.4956,81.55,75,44,11.32,scattered clouds
150,Gat,IL,31.61,34.7642,85.41,100,0,11.36,clear sky
151,Isangel,VU,-19.55,169.2667,71.06,79,33,4.72,scattered clouds
152,Qaanaaq,GL,77.484,-69.3632,13.62,71,62,9.71,broken clouds
153,Berlevag,NO,70.8578,29.0864,43.63,67,2,27.69,clear sky
154,Bolu,TR,40.6667,31.5833,57.42,94,99,4.7,overcast clouds
155,Harper,LR,4.375,-7.7169,80.04,80,43,9.69,light rain
156,Ternovka,RU,51.678,41.6375,54.09,70,99,5.7,overcast clouds
157,Terrace,CA,54.5163,-128.6035,53.42,99,100,0.58,moderate rain
158,Bilibino,RU,68.0546,166.4372,14.85,88,44,4.12,scattered clouds
159,Malakal,SS,9.5334,31.6605,70.81,92,97,3.04,overcast clouds
160,Sechura,PE,-5.5569,-80.8222,73.83,61,26,9.6,scattered clouds
161,Mabaruma,GY,8.2,-59.7833,88.61,58,63,5.59,broken clouds
162,Chernyshevsk,RU,52.5243,117.0174,49.77,77,80,2.44,broken clouds
163,Bonavista,CA,48.6499,-53.1147,61.12,60,44,12.5,scattered clouds
164,Khatra,IN,22.9833,86.85,74.44,98,97,8.84,overcast clouds
165,Ribeira Grande,PT,38.5167,-28.7,71.51,79,14,18.43,few clouds
166,Chokurdakh,RU,70.6333,147.9167,29.95,62,100,8.05,overcast clouds
167,Auki,SB,-8.7676,160.7034,76.35,90,71,2.77,broken clouds
168,Lorengau,PG,-2.0226,147.2712,80.71,79,99,4.88,overcast clouds
169,Porbandar,IN,21.6422,69.6093,81.77,81,100,15.73,overcast clouds
170,Pedernales,DO,18.0384,-71.744,85.69,66,9,7.36,clear sky
171,Bandarbeyla,SO,9.4942,50.8122,77.52,81,99,28.68,overcast clouds
172,Monrovia,LR,6.3005,-10.7969,82.63,69,35,8.37,scattered clouds
173,Thinadhoo,MV,0.5333,72.9333,84.27,74,6,15.46,clear sky
174,Havoysund,NO,70.9963,24.6622,45.34,65,29,25.01,scattered clouds
175,Abu Dhabi,AE,24.4667,54.3667,90.73,61,7,12.33,clear sky
176,Nanortalik,GL,60.1432,-45.2371,37.71,71,96,20.33,overcast clouds
177,Onega,RU,63.9061,38.1404,39.78,81,20,6.67,few clouds
178,Flin Flon,CA,54.7682,-101.865,49.55,54,56,3.06,broken clouds
179,Clarksville,US,36.5298,-87.3595,79.72,88,28,5.77,scattered clouds
180,Petropavlovsk-Kamchatskiy,RU,53.0452,158.6483,44.55,78,92,9.28,overcast clouds
181,Cozumel,MX,20.5083,-86.9458,89.01,88,69,4.0,broken clouds
182,Cerchezu,RO,43.8167,28.1,60.28,66,100,5.26,overcast clouds
183,Sungaipenuh,ID,-2.0833,101.3833,65.43,93,99,2.04,overcast clouds
184,Leningradskiy,RU,69.3833,178.4167,22.82,91,100,13.31,overcast clouds
185,Los Llanos De Aridane,ES,28.6585,-17.9182,71.13,78,13,8.66,few clouds
186,Amapa,BR,1.0,-52.0,95.72,37,64,4.34,broken clouds
187,Muzhi,RU,65.3667,64.6667,41.18,91,93,8.32,overcast clouds
188,Wilmington,US,34.2257,-77.9447,81.0,80,93,5.99,overcast clouds
189,Camacha,PT,33.0833,-16.3333,68.5,72,75,17.94,broken clouds
190,Cayenne,GF,4.9333,-52.3333,88.09,73,17,4.0,few clouds
191,Misratah,LY,32.3754,15.0925,91.17,45,0,11.56,clear sky
192,Vana-Vigala,EE,58.7806,24.2522,46.94,93,100,4.65,light rain
193,Hami,CN,42.8,93.45,72.57,25,22,5.86,few clouds
194,Kavaratti,IN,10.5669,72.642,81.97,79,12,15.28,few clouds
195,Necochea,AR,-38.5473,-58.7368,60.04,50,0,5.1,clear sky
196,Benghazi,LY,32.1167,20.0667,85.73,47,0,11.77,clear sky
197,Mehamn,NO,71.0357,27.8492,43.86,64,21,20.33,few clouds
198,La Ronge,CA,55.1001,-105.2842,50.4,66,69,7.27,broken clouds
199,Margate,GB,51.3813,1.3862,69.19,53,33,7.43,scattered clouds
200,Iqaluit,CA,63.7506,-68.5145,32.23,97,100,19.71,snow
201,Provideniya,RU,64.3833,-173.3,33.46,88,100,12.01,overcast clouds
202,Rio Gallegos,AR,-51.6226,-69.2181,60.33,52,84,4.7,broken clouds
203,Grand-Lahou,CI,5.1367,-5.0242,79.83,82,46,9.8,light rain
204,Mataquescuintla,GT,14.5292,-90.1842,73.44,66,78,3.8,broken clouds
205,Flinders,AU,-34.5833,150.8552,50.81,72,28,10.56,scattered clouds
206,Victoria,HK,22.2855,114.1577,85.32,85,51,7.25,light rain
207,Palmer,US,42.1584,-72.3287,71.28,60,58,1.99,broken clouds
208,Verkhnyaya Khava,RU,51.8404,39.9413,50.38,93,100,4.74,overcast clouds
209,Saint George,US,37.1041,-113.5841,69.8,24,0,1.99,clear sky
210,Souillac,MU,-20.5167,57.5167,70.36,69,10,12.59,clear sky
211,Bayan,CN,46.0833,127.4,55.89,97,97,13.24,overcast clouds
212,Hirosaki,JP,40.5931,140.4725,62.82,83,8,3.71,clear sky
213,Rosetta,EG,31.4044,30.4164,79.9,76,0,12.53,clear sky
214,Vostok,RU,46.4856,135.8833,49.15,98,100,3.65,overcast clouds
215,Bredasdorp,ZA,-34.5322,20.0403,61.29,66,34,9.4,scattered clouds
216,Walvis Bay,NA,-22.9575,14.5053,63.36,59,27,9.04,scattered clouds
217,Andapa,MG,-14.65,49.65,63.72,93,60,2.08,broken clouds
218,Makakilo City,US,21.3469,-158.0858,75.69,81,100,15.88,overcast clouds
219,Tuktoyaktuk,CA,69.4541,-133.0374,34.99,73,100,21.85,overcast clouds
220,Shenjiamen,CN,29.9576,122.298,75.72,84,0,8.39,light rain
221,Ostrovnoy,RU,68.0531,39.5131,39.51,78,16,7.78,few clouds
222,Pekan,MY,3.4836,103.3996,78.31,89,68,6.46,broken clouds
223,Hobyo,SO,5.3505,48.5268,78.42,75,99,24.7,overcast clouds
224,Nova Olinda Do Norte,BR,-3.8881,-59.0942,99.03,35,93,4.79,light rain
225,Krasnoselkup,RU,65.7,82.4667,29.95,89,96,12.03,overcast clouds
226,Vila Velha,BR,-20.3297,-40.2925,85.46,60,0,11.7,clear sky
227,Jalu,LY,29.0331,21.5482,98.74,12,0,8.61,clear sky
228,Chute-Aux-Outardes,CA,49.1168,-68.399,61.23,70,85,11.86,overcast clouds
229,Talnakh,RU,69.4865,88.3972,30.54,87,17,1.7,few clouds
230,Santa Cruz,BO,-17.8,-63.1667,85.35,36,48,15.66,scattered clouds
231,Faanui,PF,-16.4833,-151.75,78.08,73,6,8.99,clear sky
232,Saint-Gaudens,FR,43.0833,0.6667,59.02,58,77,2.15,light rain
233,Manjacaze,MZ,-24.7117,33.8828,67.33,74,90,15.3,overcast clouds
234,Maroantsetra,MG,-15.4333,49.7333,70.97,80,44,9.22,scattered clouds
235,Ahipara,NZ,-35.1667,173.1667,58.14,90,100,11.86,light rain
236,Kitimat,CA,54.0524,-128.6534,53.91,40,100,3.74,moderate rain
237,Mae Hong Son,TH,19.3003,97.9685,74.25,95,62,1.99,broken clouds
238,Tura,IN,25.5198,90.2201,72.93,85,100,3.36,overcast clouds
239,Hirara,JP,24.8,125.2833,83.71,74,2,7.29,clear sky
240,Imeni Poliny Osipenko,RU,52.4201,136.4853,43.25,72,95,7.0,overcast clouds
241,Broken Hill,AU,-31.95,141.4333,44.74,72,0,12.86,clear sky
242,Dunedin,NZ,-45.8742,170.5036,45.81,70,8,1.01,clear sky
243,Puerto Leguizamo,CO,-0.1934,-74.7819,92.57,48,64,2.13,broken clouds
244,Nikolskoye,RU,59.7035,30.7861,48.02,80,100,7.9,light rain
245,Narsaq,GL,60.9167,-46.05,39.52,37,99,3.44,overcast clouds
246,Bud,US,39.447,-86.1758,74.21,89,93,9.06,overcast clouds
247,Tuatapere,NZ,-46.1333,167.6833,45.82,90,72,3.8,broken clouds
248,Vysokaya Gora,RU,55.9128,49.3017,44.37,57,71,12.08,broken clouds
249,College,US,64.8569,-147.8028,30.0,76,100,3.33,overcast clouds
250,Shingu,JP,33.7333,135.9833,78.91,93,84,3.29,broken clouds
251,Baraboo,US,43.4711,-89.7443,62.29,78,100,1.99,overcast clouds
252,Upata,VE,8.0086,-62.3989,85.6,56,100,6.71,overcast clouds
253,Hastings,GB,50.8552,0.5729,71.53,63,43,6.91,scattered clouds
254,Castro,BR,-24.7911,-50.0119,89.44,26,2,6.35,clear sky
255,Sao Joao Da Barra,BR,-21.6403,-41.0511,83.55,58,0,7.96,clear sky
256,Goulburn,AU,-34.75,149.7167,34.16,92,23,1.9,few clouds
257,Awjilah,LY,29.1081,21.2869,98.94,12,0,8.34,clear sky
258,Port Hardy,CA,50.6996,-127.4199,53.96,92,100,11.3,overcast clouds
259,Livadiya,RU,42.8692,132.6764,64.58,97,94,9.24,overcast clouds
260,Coihaique,CL,-45.5752,-72.0662,60.03,46,0,1.83,clear sky
261,Chara,RU,56.9064,118.2631,53.53,71,87,1.68,overcast clouds
262,Krasnorechenskiy,RU,44.6265,135.3532,52.39,100,100,2.15,overcast clouds
263,Maarianhamina,AX,60.0973,19.9348,49.01,61,82,5.35,broken clouds
264,Nanakuli,US,21.3906,-158.1547,77.11,77,100,14.07,overcast clouds
265,Maragogi,BR,-9.0122,-35.2225,80.92,60,21,7.4,few clouds
266,Tautira,PF,-17.7333,-149.15,77.45,75,17,10.45,few clouds
267,Eregli,TR,37.5133,34.0467,75.36,27,1,4.52,clear sky
268,Daura,NG,11.5538,11.4085,91.17,41,35,6.2,scattered clouds
269,Tupiza,BO,-21.45,-65.7167,63.41,45,92,12.86,overcast clouds
270,Trelew,AR,-43.249,-65.3051,73.17,15,0,18.14,clear sky
271,Turbat,PK,26.0023,63.044,89.2,51,9,9.48,clear sky
272,Bethel,US,41.3712,-73.414,72.91,73,28,1.99,scattered clouds
273,Chegdomyn,RU,51.1167,133.0167,45.27,93,100,2.04,overcast clouds
274,Kajaani,FI,64.2273,27.7285,39.11,76,24,5.79,few clouds
275,Qingyuan,CN,23.7,113.0333,81.27,81,24,2.35,light rain
276,Brawley,US,32.9787,-115.5303,89.17,15,0,2.48,clear sky
277,Sangar,RU,63.9242,127.4739,36.28,85,88,6.46,overcast clouds
278,Tecoanapa,MX,16.5167,-98.75,83.86,66,53,3.67,broken clouds
279,Chilca,PE,-12.5211,-76.7372,62.85,79,78,6.78,broken clouds
280,Lesnoye,RU,58.2841,35.5158,39.18,98,100,9.13,overcast clouds
281,Itarema,BR,-2.9248,-39.9167,88.45,52,48,17.94,scattered clouds
282,Kars,TR,40.602,43.095,59.49,35,52,8.16,broken clouds
283,Cabedelo,BR,-6.9811,-34.8339,81.99,62,8,11.32,clear sky
284,Monte Alegre,BR,-2.0078,-54.0692,85.05,60,100,3.98,overcast clouds
285,Codrington,AU,-38.2667,141.9667,51.26,91,96,11.45,overcast clouds
286,Vilhena,BR,-12.7406,-60.1458,99.48,17,82,2.84,broken clouds
287,Koraput,IN,18.8167,82.7167,70.77,91,96,4.38,overcast clouds
288,Kurdzhinovo,RU,43.9884,40.9552,54.82,95,86,1.41,overcast clouds
289,Le Port,RE,-20.9373,55.2919,67.6,70,15,4.68,few clouds
290,Phan Thiet,VN,10.9333,108.1,77.95,87,70,6.4,broken clouds
291,Sibolga,ID,1.7427,98.7792,76.35,86,19,2.82,few clouds
292,Nago,JP,26.5881,127.9761,79.81,82,0,4.59,clear sky
293,Ihosy,MG,-22.4,46.1167,69.13,67,65,8.16,broken clouds
294,Totma,RU,59.9747,42.7642,41.16,75,100,7.27,overcast clouds
295,Itacare,BR,-14.2775,-38.9967,80.08,69,74,9.66,broken clouds
296,Manokwari,ID,-0.8667,134.0833,77.13,81,65,4.45,broken clouds
297,Klaksvik,FO,62.2266,-6.589,54.68,92,100,40.26,overcast clouds
298,Kungurtug,RU,50.5994,97.5228,35.01,75,14,1.74,few clouds
299,Kargasok,RU,59.0556,80.8572,31.37,98,80,8.3,broken clouds
300,Ayapel,CO,8.3137,-75.1398,86.63,68,63,3.98,broken clouds
301,Garissa,KE,-0.4536,39.6401,86.09,41,72,20.94,broken clouds
302,Contamana,PE,-7.3333,-75.0167,87.42,55,89,1.63,overcast clouds
303,Beyneu,KZ,45.3167,55.2,70.39,25,98,19.22,overcast clouds
304,Grand Gaube,MU,-20.0064,57.6608,70.38,65,9,7.0,clear sky
305,Batagay-Alyta,RU,67.8006,130.4114,30.76,88,100,2.93,overcast clouds
306,Eureka,US,40.8021,-124.1637,67.62,44,0,2.71,clear sky
307,Atbasar,KZ,51.8,68.3333,37.81,61,26,2.62,scattered clouds
308,Neuquen,AR,-38.9516,-68.0591,65.88,26,0,21.74,clear sky
309,Hay River,CA,60.8156,-115.7999,47.26,84,100,10.22,overcast clouds
310,Coquimbo,CL,-29.9533,-71.3436,57.67,69,86,7.11,overcast clouds
311,Sabang,ID,5.8933,95.3214,82.49,78,100,20.62,light rain
312,Tessalit,ML,20.1986,1.0114,105.46,5,1,6.71,clear sky
313,Radcliff,US,37.8404,-85.9491,72.75,87,77,1.01,broken clouds
314,Kenai,US,60.5544,-151.2583,42.15,48,1,13.98,clear sky
315,Talara,PE,-4.5772,-81.2719,71.44,70,20,18.03,few clouds
316,Lvov,UA,49.8383,24.0232,47.55,65,100,10.69,overcast clouds
317,Hamilton,US,39.1834,-84.5333,71.26,95,98,3.0,overcast clouds
318,San Carlos De Bariloche,AR,-41.1456,-71.3082,53.13,51,2,11.14,clear sky
319,Da Nang,VN,16.0678,108.2208,79.02,86,100,4.16,overcast clouds
320,Grindavik,IS,63.8424,-22.4338,43.68,78,100,39.19,overcast clouds
321,Cherskiy,RU,68.75,161.3,25.79,74,82,3.53,broken clouds
322,Sorland,NO,67.667,12.6934,49.69,86,100,40.22,overcast clouds
323,Lincoln,US,40.8,-96.667,64.29,63,41,4.0,scattered clouds
324,Tono,JP,39.3167,141.5333,58.41,99,32,2.75,scattered clouds
325,The Colony,US,33.089,-96.8864,80.02,57,63,11.99,broken clouds
326,Machhlishahr,IN,25.6833,82.4167,82.51,76,77,6.4,broken clouds
327,Fort Nelson,CA,58.8053,-122.7002,48.22,67,54,1.25,broken clouds
328,Aleksandrovskiy Zavod,RU,50.9237,117.9374,45.72,84,16,1.74,few clouds
329,Prince Rupert,CA,54.3161,-130.3201,53.6,93,100,7.54,light rain
330,Damavand,IR,35.7178,52.065,66.78,27,0,1.66,clear sky
331,Mizusawa,JP,39.1333,141.1333,62.8,96,72,3.51,broken clouds
332,Buala,SB,-8.145,159.5921,79.07,84,72,5.53,light rain
333,Pryluky,UA,50.5932,32.3876,42.26,91,100,10.89,overcast clouds
334,Praia,CV,14.9215,-23.5087,82.63,71,35,13.15,scattered clouds
335,Deming,US,32.2687,-107.7586,75.24,24,0,21.12,clear sky
336,Yagodnoye,RU,62.55,149.6667,20.26,97,81,3.24,broken clouds
337,Berbera,SO,10.4396,45.0143,89.55,66,3,0.65,clear sky
338,Nizhniy Odes,RU,63.6445,54.856,41.63,69,100,7.49,overcast clouds
339,Governador Valadares,BR,-18.8511,-41.9494,98.8,29,0,1.72,clear sky
340,Manono,CD,-7.3,27.4167,91.6,18,13,2.44,few clouds
341,Staryy Nadym,RU,65.6118,72.6842,35.89,85,100,12.71,overcast clouds
342,Belaya Gora,RU,68.5333,146.4167,30.4,61,100,2.89,overcast clouds
343,Bathsheba,BB,13.2167,-59.5167,86.09,63,34,13.51,scattered clouds
344,Dolores,AR,-36.3132,-57.6792,59.94,49,0,9.93,clear sky
345,Zvishavane,ZW,-20.3267,30.0665,81.14,21,0,18.92,clear sky
346,Hambantota,LK,6.1241,81.1185,80.82,80,12,15.88,few clouds
347,Methoni,GR,36.8197,21.7049,88.21,74,32,14.99,scattered clouds
348,Oranjestad,AW,12.524,-70.027,83.61,78,99,18.05,overcast clouds
349,Jaen,ES,38.0,-3.5,71.42,46,76,11.59,broken clouds
350,Santa Cruz Cabralia,BR,-16.2781,-39.0247,83.97,60,14,15.32,few clouds
351,Cap-Aux-Meules,CA,47.3821,-61.8597,59.22,78,5,19.1,clear sky
352,Yumen,CN,40.2833,97.2,68.09,23,98,7.72,overcast clouds
353,Lakes Entrance,AU,-37.8811,147.981,48.58,73,100,14.0,overcast clouds
354,Boguchany,RU,58.3814,97.4531,33.37,95,56,4.68,broken clouds
355,Atar,MR,20.5169,-13.0499,103.05,14,5,12.44,clear sky
356,Amuntai,ID,-2.4177,115.2494,72.41,99,100,1.05,light rain
357,San Patricio,US,28.017,-97.5169,92.88,55,0,7.58,clear sky
358,Nome,US,64.5011,-165.4064,29.05,78,100,5.32,overcast clouds
359,Kachug,RU,53.9606,105.8817,37.17,88,70,0.94,broken clouds
360,Port Elizabeth,ZA,-33.918,25.5701,60.1,71,98,6.89,overcast clouds
361,Ratnagiri,IN,16.9833,73.3,78.55,87,99,5.75,moderate rain
362,Maldonado,UY,-34.6667,-54.9167,54.23,62,2,14.36,clear sky
363,Gazli,UZ,40.1333,63.45,73.45,9,0,10.4,clear sky
364,Frederico Westphalen,BR,-27.3592,-53.3944,70.02,70,100,9.95,light rain
365,Broome,US,42.2506,-75.833,72.63,64,85,1.99,overcast clouds
366,Airai,TL,-8.9266,125.4092,59.86,80,98,3.27,overcast clouds
367,Tangier,MA,35.7806,-5.8137,76.82,69,0,25.72,clear sky
368,Machacamarca,BO,-18.1667,-67.0333,56.34,44,97,5.88,overcast clouds
369,Akyab,MM,20.15,92.9,80.69,80,98,1.88,overcast clouds
370,Balad,IQ,34.0164,44.1453,90.14,15,0,10.27,clear sky
371,Izhma,RU,65.0083,53.9113,43.09,68,100,5.73,overcast clouds
372,Honavar,IN,14.2833,74.45,77.04,91,100,4.36,light rain
373,Ampanihy,MG,-24.7,44.75,71.92,50,21,11.32,few clouds
374,Antofagasta,CL,-23.65,-70.4,64.15,66,97,8.93,overcast clouds
375,Tres Arroyos,AR,-38.3739,-60.2798,60.12,40,0,4.21,clear sky
376,Russell,US,32.3502,-85.1999,86.97,81,59,3.22,broken clouds
377,Okha,RU,53.5739,142.9478,46.65,66,42,6.44,scattered clouds
378,Thompson,CA,55.7435,-97.8558,42.3,67,100,2.08,overcast clouds
379,Ximei,CN,24.9639,118.3794,79.12,86,74,1.77,broken clouds
380,Vestmanna,FO,62.1564,-7.1664,52.92,94,100,39.21,overcast clouds
381,Henties Bay,NA,-22.116,14.2845,61.12,71,3,7.61,clear sky
382,Cabra,ES,37.4725,-4.4421,74.39,82,68,2.35,light rain
383,San Cristobal,VE,7.7669,-72.225,80.91,56,96,7.45,overcast clouds
384,Quirinopolis,BR,-18.4483,-50.4517,102.6,13,11,6.06,few clouds
385,Rosarito,MX,32.3333,-117.0333,87.93,64,0,4.9,clear sky
386,Neyshabur,IR,36.2133,58.7958,75.85,20,0,6.69,clear sky
387,Emporia,US,38.4039,-96.1817,70.52,37,91,19.69,overcast clouds
388,Cerrito,CO,6.8432,-72.694,63.46,73,85,1.86,overcast clouds
389,Masakin,TN,35.7292,10.5808,84.2,53,100,11.18,overcast clouds
390,Swan River,CA,52.1058,-101.2676,57.13,46,69,8.63,broken clouds
391,Westport,US,41.1415,-73.3579,76.08,76,52,1.01,broken clouds
392,Manado,ID,1.487,124.8455,76.57,87,100,3.8,heavy intensity rain
393,Vardo,NO,70.3705,31.1107,44.01,65,8,25.26,clear sky
394,Mubende,UG,0.5606,31.39,65.07,94,79,3.4,moderate rain
395,Bontang,ID,0.1333,117.5,74.91,92,87,6.44,overcast clouds
396,Meulaboh,ID,4.1363,96.1285,77.43,84,100,2.28,overcast clouds
397,Sinop,TR,41.7711,34.8709,61.36,94,100,7.43,overcast clouds
398,Vila,PT,42.0304,-8.1588,67.33,49,1,5.46,clear sky
399,Benguela,AO,-12.5763,13.4055,72.73,79,61,8.08,broken clouds
400,Aklavik,CA,68.2191,-135.0107,31.69,97,100,14.99,light snow
401,Port Augusta,AU,-32.5,137.7667,46.63,88,8,6.33,clear sky
402,Vernon,CA,50.2581,-119.2691,55.29,70,3,1.01,clear sky
403,Cravo Norte,CO,6.3017,-70.2041,80.08,81,98,9.62,overcast clouds
404,Junqueiro,BR,-9.9253,-36.4758,85.24,47,56,10.89,broken clouds
405,Cururupu,BR,-1.8283,-44.8683,88.61,51,41,9.33,scattered clouds
406,Namibe,AO,-15.1961,12.1522,66.52,76,5,8.28,clear sky
407,Chumikan,RU,54.7183,135.315,43.18,67,0,1.57,clear sky
408,Tuy Hoa,VN,13.0833,109.3,76.93,87,85,2.77,overcast clouds
409,Lufilufi,WS,-13.8745,-171.5986,80.33,74,22,14.81,light rain
410,Fairbanks,US,64.8378,-147.7164,30.02,77,100,3.6,overcast clouds
411,Jijiang,CN,29.2906,106.2542,77.16,73,0,3.04,light rain
412,Ixtapa,MX,20.7,-105.2,83.23,79,24,3.0,few clouds
413,Dicamay,PH,16.7561,122.0037,73.9,95,49,3.27,scattered clouds
414,Xinqing,CN,48.2333,129.5,51.35,97,100,11.07,overcast clouds
415,Moree,AU,-29.4667,149.85,41.09,69,0,12.03,clear sky
416,Bulgan,MN,48.8125,103.5347,44.73,89,36,4.14,scattered clouds
417,Buraydah,SA,26.326,43.975,89.49,11,0,11.25,clear sky
418,Salalah,OM,17.0151,54.0924,79.43,84,86,5.59,overcast clouds
419,Gedo,ET,9.0167,37.45,53.82,89,57,2.73,moderate rain
420,Bolobo,CD,-2.1667,16.2333,85.05,54,66,1.54,light rain
421,Ilhabela,BR,-23.7781,-45.3581,78.12,81,21,14.47,few clouds
422,Laguna,US,38.421,-121.4238,80.08,54,0,4.18,clear sky
423,Turukhansk,RU,65.8167,87.9833,38.86,83,100,7.67,overcast clouds
424,Aliaga,PH,15.5167,120.8667,76.03,90,100,3.42,overcast clouds
425,Ketchikan,US,55.3422,-131.6461,52.23,98,100,6.78,light rain
426,Katsuura,JP,35.1333,140.3,74.19,89,97,3.74,overcast clouds
427,Tarquinia,IT,42.2482,11.7553,80.38,75,7,8.77,clear sky
428,Borovskoy,KZ,53.8,64.15,37.08,74,1,8.12,clear sky
429,Bintulu,MY,3.1667,113.0333,75.09,90,100,4.05,overcast clouds
430,Lagoa,PT,39.05,-27.9833,70.48,77,23,18.16,few clouds
431,Mareeba,AU,-17.0,145.4333,62.44,79,59,3.94,broken clouds
432,Ishigaki,JP,24.3448,124.1572,83.48,78,1,9.82,clear sky
433,Diffa,NE,13.3154,12.6113,98.33,26,46,9.69,scattered clouds
434,Ormond Beach,US,29.2858,-81.0559,87.17,57,100,1.01,overcast clouds
435,Baykit,RU,61.67,96.37,37.6,99,100,3.09,light rain
436,Qasigiannguit,GL,68.8193,-51.1922,28.67,87,90,0.51,overcast clouds
437,Conde,BR,-7.2597,-34.9075,83.46,54,9,11.83,clear sky
438,Port Moresby,PG,-9.4431,147.1797,75.07,94,100,10.29,overcast clouds
439,Millinocket,US,45.6573,-68.7098,67.91,67,30,10.98,scattered clouds
440,Terrasini,IT,38.146,13.0844,82.47,74,3,4.0,clear sky
441,Omsukchan,RU,62.5333,155.8,34.57,98,100,8.14,overcast clouds
442,Khasan,RU,42.4308,130.6434,65.34,96,28,4.72,scattered clouds
443,Ilulissat,GL,69.2167,-51.1,27.59,86,97,1.39,overcast clouds
444,Otukpo,NG,7.1913,8.1329,72.01,94,100,5.82,overcast clouds
445,Bartica,GY,6.4,-58.6167,81.82,89,73,4.05,broken clouds
446,Binghamton,US,42.0987,-75.918,71.87,70,88,1.01,overcast clouds
447,Mana,GF,5.6592,-53.7767,87.58,61,25,9.06,scattered clouds
448,Orichi,RU,58.4036,49.0572,39.29,79,100,6.15,overcast clouds
449,Nabire,ID,-3.3667,135.4833,75.63,90,100,2.84,overcast clouds
450,Okato,NZ,-39.2,173.8833,55.42,95,100,15.93,overcast clouds
451,San Andres,CO,12.5847,-81.7006,82.81,76,32,11.52,scattered clouds
452,Fuerte Olimpo,PY,-21.0415,-57.8738,95.56,35,54,11.5,broken clouds
453,Husavik,IS,66.0449,-17.3389,41.95,91,91,3.13,overcast clouds
454,Tocopilla,CL,-22.092,-70.1979,65.84,68,92,8.88,overcast clouds
455,Mersing,MY,2.4312,103.8405,78.46,89,97,7.11,overcast clouds
456,Kuching,MY,1.55,110.3333,75.49,93,96,1.86,overcast clouds
457,Qandala,SO,11.472,49.8728,87.51,71,7,4.7,clear sky
458,Solano,US,38.2333,-121.9511,78.01,51,0,5.28,clear sky
459,Hofn,IS,64.2539,-15.2082,48.09,85,100,55.7,overcast clouds
460,Wau,SS,7.7029,27.9953,72.88,89,100,1.68,overcast clouds
461,San Quintin,MX,30.4833,-115.95,76.03,62,0,5.73,clear sky
462,Lasa,IT,46.6166,10.7002,62.37,55,7,2.42,clear sky
463,Sur,OM,22.5667,59.5289,87.93,61,34,5.5,scattered clouds
464,Medvedka,RU,61.1629,46.387,37.58,86,70,4.56,broken clouds
465,Jiujiang,CN,29.7333,115.9833,75.02,68,2,1.81,light rain
466,Novikovo,RU,51.1537,37.8879,49.23,83,99,5.35,overcast clouds
467,Ranchpar,AM,40.0275,44.367,75.15,23,1,5.1,clear sky
468,Seoul,KR,37.5683,126.9778,69.13,87,0,12.44,light rain
469,Mayumba,GA,-3.432,10.6554,76.57,82,100,7.65,overcast clouds
470,Luderitz,NA,-26.6481,15.1594,70.9,43,3,13.62,clear sky
471,West Bay,KY,19.3667,-81.4167,89.06,76,8,1.99,clear sky
472,Zhangye,CN,38.9342,100.4517,68.7,24,100,3.62,overcast clouds
473,Marovoay,MG,-16.1,46.6333,83.07,44,53,5.86,broken clouds
474,Ryomgard,DK,56.3843,10.503,59.61,83,100,11.01,overcast clouds
475,Hirado,JP,33.3597,129.5531,74.19,88,84,8.59,broken clouds
476,Altus,US,34.6381,-99.334,71.98,38,100,23.09,overcast clouds
477,Chagoda,RU,59.164,35.3285,40.35,97,100,9.31,overcast clouds
478,Belmonte,BR,-15.8631,-38.8828,81.99,65,33,12.68,scattered clouds
479,Xuddur,SO,4.1213,43.8894,85.78,34,91,12.33,overcast clouds
480,Coahuayana,MX,18.7333,-103.6833,85.32,68,8,2.75,clear sky
481,Bemidji,US,47.4736,-94.8803,57.15,79,1,4.0,clear sky
482,Karla,EE,59.3723,24.9275,47.57,81,99,8.68,overcast clouds
483,Shelburne,CA,44.0787,-80.2041,70.59,74,95,21.43,overcast clouds
484,Ust-Nera,RU,64.5667,143.2,32.13,75,35,4.09,scattered clouds
485,Nizhneangarsk,RU,55.7833,109.55,40.21,81,100,5.39,overcast clouds
486,Beringovskiy,RU,63.05,179.3167,38.95,92,100,9.19,overcast clouds
487,Metro,ID,-5.1131,105.3067,76.12,86,23,4.32,few clouds
488,Bull Savanna,JM,17.8868,-77.5902,84.56,59,12,3.71,few clouds
489,Aracaju,BR,-10.9111,-37.0717,82.85,61,37,11.14,scattered clouds
490,Sayyan,YE,15.1718,44.3244,69.64,38,95,14.38,overcast clouds
491,Shasta Lake,US,40.6804,-122.3708,74.8,31,0,4.63,clear sky
492,Kabul,AF,34.5,69.4167,71.94,52,0,4.09,clear sky
493,Labrea,BR,-7.2586,-64.7981,100.94,33,38,2.35,scattered clouds
494,Lodja,CD,-3.4833,23.4333,84.54,47,93,2.8,overcast clouds
495,Nyagan,RU,62.1406,65.3936,39.78,96,100,7.47,overcast clouds
496,Bengkulu,ID,-3.8004,102.2655,76.3,89,97,4.25,overcast clouds
497,Amurzet,RU,47.6967,131.0981,53.26,97,100,14.03,overcast clouds
498,Bonthe,SL,7.5264,-12.505,82.51,74,77,8.97,light rain
499,Chenzhou,CN,25.8,113.0333,74.71,52,0,3.11,light rain
500,Fayaoue,NC,-20.65,166.5333,74.68,64,43,10.31,scattered clouds
501,Zajecar,RS,43.9036,22.2641,60.04,46,90,8.32,overcast clouds
502,Nagato,JP,34.3833,131.2,74.55,92,32,11.14,scattered clouds
503,Yarensk,RU,62.1675,49.0916,36.57,86,46,3.44,scattered clouds
504,Tashla,RU,51.7716,52.7427,51.49,40,89,14.07,overcast clouds
505,Houma,US,29.5958,-90.7195,89.01,76,9,1.45,clear sky
506,Mufulira,ZM,-12.5498,28.2407,80.28,10,1,6.17,clear sky
507,Lompoc,US,34.6391,-120.4579,72.01,66,0,3.11,clear sky
508,Patiya,BD,22.2931,91.9762,75.9,96,100,3.85,overcast clouds
509,Novomykolayivka,UA,47.9781,35.9102,50.56,73,98,10.42,overcast clouds
510,Pochutla,MX,15.7432,-96.4661,81.82,61,100,3.29,overcast clouds
511,Biak,ID,-0.9131,122.8766,71.51,86,100,5.82,light rain
512,Bastia,FR,42.6667,9.3333,73.29,72,67,1.28,broken clouds
513,Pisco,PE,-13.7,-76.2167,66.02,78,32,5.77,scattered clouds
514,Richland,US,40.7834,-82.5499,70.38,80,98,18.45,overcast clouds
515,Mahon,ES,39.8885,4.2658,71.85,68,90,16.91,overcast clouds
516,Alberton,CA,46.8168,-64.0654,64.38,53,3,15.19,clear sky
517,Concordia,AR,-31.393,-58.0209,62.01,46,100,13.6,overcast clouds
518,Lixourion,GR,38.2019,20.4314,77.07,70,69,9.19,broken clouds
519,Northam,GB,51.0333,-4.2167,71.67,81,96,4.41,overcast clouds
520,Sakakah,SA,29.9697,40.2064,91.33,17,0,3.65,clear sky
521,Suluq,LY,31.6682,20.2521,92.28,21,0,14.79,clear sky
522,Sinegorye,RU,62.0788,150.477,26.15,99,93,1.9,overcast clouds
523,Sekoma,BW,-24.4,23.8833,77.4,7,0,5.79,clear sky
524,Mecca,SA,21.4267,39.8261,98.51,25,94,5.91,overcast clouds
525,Burhaniye,TR,39.5004,26.9727,70.83,59,8,15.03,clear sky
526,Alibag,IN,18.6411,72.8792,79.3,87,96,5.61,overcast clouds
527,Yabucoa,PR,18.0505,-65.8793,88.72,86,24,8.84,few clouds
528,Whitehorse,CA,60.7161,-135.0538,43.02,94,100,5.1,overcast clouds
529,Touros,BR,-5.1989,-35.4608,85.98,55,54,15.21,broken clouds
530,Dhidhdhoo,MV,6.8833,73.1,82.83,76,28,16.53,scattered clouds
531,Kavali,IN,14.9167,79.9833,88.14,58,100,2.46,overcast clouds
532,Port Blair,IN,11.6667,92.75,80.06,80,99,13.47,overcast clouds
533,Ulaangom,MN,49.9811,92.0667,46.53,45,34,8.81,scattered clouds
534,Saint-Pierre,RE,-21.3393,55.4781,67.28,64,2,10.09,clear sky
535,Beldanga,IN,23.9333,88.25,75.34,95,99,8.48,overcast clouds
536,Juneau,US,58.3019,-134.4197,52.84,99,100,5.99,light rain
537,Sarh,TD,9.1429,18.3923,82.44,80,72,3.49,broken clouds
538,Pimentel,PE,-6.8367,-79.9342,65.98,78,68,13.2,broken clouds
539,Port Hedland,AU,-20.3167,118.5667,81.7,36,99,20.58,overcast clouds
540,Minatitlan,MX,17.9833,-94.5167,86.18,71,51,6.33,broken clouds
541,Wairoa,NZ,-39.0333,177.3667,55.6,83,99,5.21,overcast clouds
542,Oistins,BB,13.0667,-59.5333,84.87,65,32,13.47,scattered clouds
543,Torbat-E Jam,IR,35.244,60.6225,71.35,26,0,9.91,clear sky
544,Cotonou,BJ,6.3654,2.4183,81.37,79,69,13.62,broken clouds
545,Ust-Maya,RU,60.4167,134.5333,32.52,93,14,0.45,few clouds
546,Longjiang,CN,47.3303,123.1836,53.49,83,100,19.22,overcast clouds
547,Bay City,US,43.5945,-83.8889,72.05,90,100,16.75,overcast clouds
548,Leshukonskoye,RU,64.8989,45.7622,37.33,84,88,3.18,overcast clouds
549,Santiago De Cao,PE,-7.9589,-79.2392,65.34,78,76,12.53,broken clouds
550,Araouane,ML,18.9048,-3.5265,106.52,11,4,4.79,clear sky
551,Salamanca,ES,40.8333,-6.0,68.0,36,1,18.88,clear sky
552,Asau,RO,46.4333,26.4,55.76,60,50,3.83,scattered clouds
553,Damaturu,NG,11.747,11.9608,93.56,38,57,2.39,broken clouds
554,Kahului,US,20.8947,-156.47,72.97,97,93,12.37,overcast clouds
555,Yatou,CN,37.15,122.3833,63.82,88,0,5.46,light rain
556,Potosi,BO,-19.5836,-65.7531,47.43,64,100,6.71,moderate rain
557,Cuamba,MZ,-14.8031,36.5372,83.68,25,3,3.65,clear sky
558,Kyshtovka,RU,56.555,76.6271,37.09,97,100,10.49,overcast clouds
559,Hammerfest,NO,70.6634,23.6821,44.8,62,4,19.69,clear sky
560,Kununurra,AU,-15.7667,128.7333,82.96,16,100,23.47,overcast clouds
561,Khandyga,RU,62.6667,135.6,32.74,93,10,0.72,clear sky
562,Baturaja,ID,-4.1333,104.1667,74.89,83,43,2.64,scattered clouds
563,Batemans Bay,AU,-35.7167,150.1833,50.2,68,57,5.14,broken clouds
564,Lapua,FI,62.9693,23.0088,45.0,68,33,2.35,scattered clouds
565,Rabo De Peixe,PT,37.8,-25.5833,72.73,63,18,9.08,few clouds
566,Tual,ID,-5.6667,132.75,80.22,82,100,22.57,light rain
567,Kansanshi,ZM,-12.0951,26.4273,79.86,11,2,7.38,clear sky
568,Tilichiki,RU,60.4667,166.1,44.89,88,100,5.55,light rain
569,Dublin,US,37.7021,-121.9358,77.88,41,0,3.2,clear sky
570,Kimbe,PG,-5.5502,150.1429,74.57,92,100,4.21,overcast clouds
571,Camana,PE,-16.6228,-72.7111,64.78,76,100,10.22,overcast clouds
572,Bayonet Point,US,28.3267,-82.6834,89.42,70,93,2.24,overcast clouds
573,San Policarpo,PH,12.1791,125.5072,82.11,80,83,8.39,broken clouds
574,Roebourne,AU,-20.7833,117.1333,82.65,29,88,13.33,overcast clouds
575,Humaita,BR,-7.5061,-63.0208,102.96,32,39,0.36,scattered clouds
576,Ebetsu,JP,43.1081,141.5506,63.09,89,87,14.09,overcast clouds
577,Heide,DE,54.2,9.1,61.02,87,100,13.85,overcast clouds
578,Olovyannaya,RU,50.95,115.5667,50.34,82,94,5.37,overcast clouds
579,Kamariotissa,GR,40.4833,25.4667,71.8,56,1,23.02,clear sky
580,Qaqortoq,GL,60.7167,-46.0333,39.0,48,100,9.46,overcast clouds
581,Skjervoy,NO,70.0311,20.9714,47.97,64,11,13.73,few clouds
582,Bilma,NE,18.6853,12.9164,100.87,8,3,5.26,clear sky
583,Shimoda,JP,34.6667,138.95,73.85,81,77,7.72,broken clouds
584,Praia Da Vitoria,PT,38.7333,-27.0667,76.75,72,21,10.16,few clouds
585,Comodoro Rivadavia,AR,-45.8667,-67.5,62.28,36,6,8.48,clear sky
586,Wanxian,CN,30.8039,108.3897,73.96,78,2,2.15,light rain
587,Svarstad,NO,59.399,9.9698,60.8,41,98,2.77,light rain
588,Kruisfontein,ZA,-34.0033,24.7314,57.88,71,74,6.44,broken clouds
589,Linxia,CN,35.6003,103.2064,59.9,50,47,2.35,scattered clouds
590,Katihar,IN,25.5333,87.5833,77.31,84,32,7.99,scattered clouds
591,Adrar,MR,20.5022,-10.0711,102.81,13,1,17.78,clear sky
592,Divnomorskoye,RU,44.5011,38.1353,59.81,90,67,8.79,broken clouds
593,Naron,ES,43.5167,-8.1528,73.69,65,10,15.19,clear sky
594,Swan Hill,AU,-35.3378,143.5544,49.69,76,99,10.49,overcast clouds
595,Sukhumi,GE,43.0033,41.0153,67.01,80,98,7.29,overcast clouds
596,Karratha,AU,-20.7377,116.8463,82.22,33,94,10.02,overcast clouds
597,Uyuni,BO,-20.4597,-66.825,52.57,51,100,9.84,overcast clouds
598,Staritsa,RU,56.5075,34.9354,40.55,97,100,9.35,overcast clouds
599,Clyde River,CA,70.4692,-68.5914,30.6,70,59,8.3,broken clouds
600,Dzhebariki-Khaya,RU,62.2167,135.8,32.13,93,6,1.59,clear sky
601,Christchurch,NZ,-43.5333,172.6333,53.91,63,100,2.13,overcast clouds
602,Shieli,KZ,44.1667,66.75,62.69,19,39,16.24,scattered clouds
603,Yuancheng,CN,36.652,107.7896,65.68,33,8,1.88,clear sky
604,Nyrob,RU,60.733,56.7202,38.86,82,70,4.0,broken clouds
605,Darnah,LY,32.767,22.6367,81.07,64,0,10.94,clear sky
606,Jiaojiang,CN,28.6803,121.4428,72.36,94,0,2.64,light rain
607,Melfort,CA,52.8667,-104.6177,55.08,53,83,7.09,broken clouds
608,Sitka,US,57.0531,-135.33,52.48,95,100,5.99,light rain
609,Mitsamiouli,KM,-11.3847,43.2844,77.31,74,11,4.97,few clouds
610,Cap-Chat,CA,49.1001,-66.6821,66.58,61,89,5.84,overcast clouds
611,Srivardhan,IN,18.0333,73.0167,78.73,86,89,3.62,overcast clouds
612,Saint Charles,US,38.7667,-90.7335,64.11,88,100,1.99,overcast clouds
613,Fairview,US,40.8126,-73.999,75.54,69,88,1.01,overcast clouds
614,Kirakira,SB,-10.4544,161.9205,77.92,88,25,6.06,scattered clouds
615,Gambela,ET,8.25,34.5833,71.62,97,100,2.28,light rain
616,Chicama,PE,-7.8447,-79.1469,72.37,62,45,9.01,scattered clouds
617,Lazaro Cardenas,MX,17.9583,-102.2,81.7,73,91,2.13,overcast clouds
618,Porto Walter,BR,-8.2686,-72.7439,97.02,37,40,1.68,scattered clouds
619,Faaborg,DK,55.0951,10.2423,61.95,72,100,16.73,overcast clouds
620,Gambo,CF,4.6482,22.2633,79.77,77,73,1.54,broken clouds
621,San Juan,AR,-31.5375,-68.5364,65.73,27,3,6.55,clear sky
622,Chanute,US,37.6792,-95.4572,66.51,48,95,19.48,overcast clouds
623,Maniitsoq,GL,65.4167,-52.9,32.9,64,71,6.69,broken clouds
624,Carauari,BR,-4.8828,-66.8958,97.34,37,51,3.98,broken clouds
625,Leova,MD,46.4786,28.2553,55.4,45,28,15.32,scattered clouds
626,Inhambane,MZ,-23.865,35.3833,70.75,78,7,13.6,clear sky
627,Sioux Lookout,CA,50.1001,-91.917,50.32,77,100,8.46,overcast clouds
628,Kuryk,KZ,43.2,51.65,77.81,23,31,19.01,scattered clouds
629,Kloulklubed,PW,7.0419,134.2556,82.85,76,84,6.89,light rain
630,Ca Mau,VN,9.1769,105.15,77.34,88,71,4.34,broken clouds
631,Kemang,ID,-3.3487,104.3447,75.63,84,24,1.41,few clouds
632,Cabcab,PH,13.6268,124.0515,81.43,82,100,7.4,overcast clouds
633,Kresek,ID,-6.1314,106.3797,79.88,79,63,3.06,broken clouds
634,Alta Floresta,BR,-9.8756,-56.0861,105.28,12,56,5.3,broken clouds
635,Gushikawa,JP,26.3544,127.8686,79.92,79,0,5.95,clear sky
636,Saiha,IN,22.4833,92.9667,68.79,98,100,2.42,overcast clouds
637,Taksimo,RU,56.3444,114.8794,51.3,93,98,1.7,overcast clouds
638,Samarai,PG,-10.6167,150.6667,78.01,86,100,13.4,moderate rain
639,Pocinhos,BR,-7.0767,-36.0611,89.83,30,7,9.42,clear sky
640,Kautokeino,NO,69.0125,23.0412,39.9,77,96,24.52,overcast clouds
641,De Aar,ZA,-30.6497,24.0123,65.25,10,57,11.92,broken clouds
642,Turayf,SA,31.6725,38.6637,86.25,19,0,9.08,clear sky
643,Noumea,NC,-22.2763,166.4572,66.97,76,8,4.81,clear sky
644,Balkanabat,TM,39.5108,54.3671,78.85,40,0,2.55,clear sky
645,Ende,ID,-8.8432,121.6623,77.05,73,98,1.45,overcast clouds
646,Kjollefjord,NO,70.9457,27.3465,44.37,66,50,27.36,scattered clouds
647,Kayerkan,RU,69.3497,87.7602,29.91,92,41,11.18,scattered clouds
648,Rundu,NA,-17.9333,19.7667,94.95,11,8,7.47,clear sky
649,Nurota,UZ,40.5614,65.6886,67.26,15,0,9.98,clear sky
650,Vanimo,PG,-2.6741,141.3028,78.26,89,100,5.26,overcast clouds
651,Luena,AO,-11.7833,19.9167,91.4,8,2,7.05,clear sky
652,Scarborough,GB,54.2797,-0.4044,71.78,54,79,1.01,broken clouds
653,Bushehr,IR,28.9684,50.8385,89.85,52,0,4.23,clear sky
654,Lata,PT,40.1629,-8.3327,82.08,22,0,9.42,clear sky
655,Dawei,MM,14.0833,98.2,75.45,96,100,5.64,moderate rain
656,Balclutha,NZ,-46.2339,169.75,36.36,96,15,4.21,few clouds
657,Haapsalu,EE,58.9431,23.5414,47.01,88,100,6.2,overcast clouds
658,Noboribetsu,JP,42.4514,141.1731,66.33,96,93,9.26,overcast clouds
659,Koyelga,RU,54.6522,60.9049,41.23,58,29,6.82,scattered clouds
660,Severodvinsk,RU,64.5635,39.8302,41.05,76,4,6.62,clear sky
661,Alamogordo,US,32.8995,-105.9603,69.01,59,57,5.21,broken clouds
662,Ahuimanu,US,21.4447,-157.8378,76.86,78,100,15.61,overcast clouds
663,Sembe,CG,1.6481,14.5806,81.52,71,97,4.14,overcast clouds
664,Irbeyskoye,RU,55.6428,95.4522,36.19,89,94,6.8,overcast clouds
665,Saint Augustine,US,29.8947,-81.3145,87.06,75,100,5.86,overcast clouds
666,Vaitape,PF,-16.5167,-151.75,78.08,73,7,8.97,clear sky
667,Mulchen,CL,-37.7167,-72.2333,68.09,32,0,4.38,clear sky
668,Sayville,US,40.7359,-73.0821,76.96,77,100,5.99,overcast clouds
669,Preobrazheniye,RU,42.9019,133.9064,63.0,95,96,8.72,overcast clouds
670,Anchorage,US,61.2181,-149.9003,40.05,79,100,5.01,overcast clouds
671,Podgornoye,RU,51.735,39.1496,50.9,87,100,4.7,light rain
672,Redwood City,US,37.4852,-122.2364,79.14,55,0,1.01,clear sky
673,Arcos,BR,-20.2819,-45.5394,98.85,17,51,5.79,broken clouds
674,Katwa,IN,23.6399,88.128,74.89,97,100,9.4,overcast clouds
675,Honiara,SB,-9.4333,159.95,75.85,89,52,3.27,broken clouds
676,Najibabad,IN,29.6333,78.3333,82.22,69,86,3.91,overcast clouds
677,Pacific Grove,US,36.6177,-121.9166,78.62,60,0,3.0,clear sky
678,Mastic Beach,US,40.7668,-72.8521,76.32,79,100,1.99,overcast clouds
679,Angoche,MZ,-16.2325,39.9086,75.9,73,3,13.13,clear sky
680,Tarakan,ID,3.3,117.6333,76.19,82,100,11.12,overcast clouds
681,Jining,CN,35.405,116.5814,68.77,82,2,5.1,light rain
682,Mundo Nuevo,MX,18.7,-95.5,82.49,78,74,1.86,broken clouds
683,Forio,IT,40.7342,13.8646,75.81,77,1,7.0,clear sky
684,Siavonga,ZM,-16.5382,28.7088,83.26,27,0,2.37,clear sky
685,Nishihara,JP,26.1842,127.7558,79.09,80,0,5.21,clear sky
686,Bereznik,RU,62.8551,42.7072,38.46,85,60,4.03,broken clouds
687,Dvinskoy,RU,62.1535,45.1175,38.35,84,24,4.72,few clouds
688,Kisangani,CD,0.5167,25.2,75.42,83,96,1.3,overcast clouds
689,Ginda,IN,30.6945,78.4932,62.49,97,62,1.59,broken clouds
690,Warri,NG,5.5167,5.75,74.1,95,100,1.86,light rain
691,Curvelo,BR,-18.7564,-44.4308,101.03,17,1,6.02,clear sky
692,Leku,ET,6.8667,38.45,61.09,89,93,3.06,light rain
693,Talaya,RU,61.3833,152.75,30.34,96,100,5.44,overcast clouds
694,Sparta,US,43.9441,-90.8129,65.97,71,14,13.4,few clouds
695,Pietersburg,ZA,-23.9045,29.4688,58.84,72,2,20.65,clear sky
696,Gamba,GA,-2.65,10.0,76.44,79,99,8.19,overcast clouds
697,Altamont,US,42.2068,-121.7372,59.77,61,0,1.01,clear sky
698,Namatanai,PG,-3.6667,152.4333,77.92,84,100,3.2,light rain
